Success,1,0,0,303,"""11111111111111111111"""
Success,1,100,0,301,"""Next Sender:4"""
Success,0,0,0,904,"""00000000000000000000"""
Success,0,101,0,302,"""Next Sender:1"""
Success,1,102,0,302,"""Next Sender:4"""
Success,4,0,0,1812,"""44444444444444444444"""
Success,4,103,0,301,"""Next Sender:5"""
Success,5,0,0,2403,"""55555555555555555555"""
Success,5,104,0,302,"""Next Sender:0"""
Success,0,1,0,812,"""00000000000000000000"""
Success,0,105,0,302,"""Next Sender:1"""
Success,1,1,0,1019,"""11111111111111111111"""
Success,1,106,0,302,"""Next Sender:4"""
Success,4,1,0,1112,"""44444444444444444444"""
Success,4,107,0,306,"""Next Sender:5"""
Success,5,1,0,1116,"""55555555555555555555"""
Success,5,108,0,302,"""Next Sender:0"""
Success,0,109,0,114,"""Next Sender:1"""
Success,1,110,0,302,"""Next Sender:4"""
Success,4,111,0,301,"""Next Sender:5"""
Success,5,112,0,205,"""Next Sender:0"""
Success,0,2,0,1321,"""00000000000000000000"""
Success,0,113,0,301,"""Next Sender:1"""
Success,1,2,0,1318,"""11111111111111111111"""
Success,1,114,0,301,"""Next Sender:4"""
Success,5,2,0,1710,"""55555555555555555555"""
Success,5,115,0,302,"""Next Sender:0"""
Success,4,2,0,1918,"""44444444444444444444"""
Success,4,116,0,301,"""Next Sender:5"""
Success,5,117,0,301,"""Next Sender:0"""
Success,0,3,0,1410,"""00000000000000000000"""
Success,0,118,0,302,"""Next Sender:1"""
Success,1,3,0,1412,"""11111111111111111111"""
Success,1,119,0,301,"""Next Sender:4"""
Success,4,120,0,301,"""Next Sender:5"""
Success,5,3,0,1714,"""55555555555555555555"""
Success,5,121,0,303,"""Next Sender:0"""
Success,0,4,0,808,"""00000000000000000000"""
Success,0,122,0,303,"""Next Sender:1"""
Success,1,123,0,302,"""Next Sender:4"""
Success,4,3,0,1620,"""44444444444444444444"""
Success,4,124,0,302,"""Next Sender:5"""
Success,5,4,0,809,"""55555555555555555555"""
Success,5,125,0,301,"""Next Sender:0"""
Success,0,126,0,302,"""Next Sender:1"""
Success,1,4,0,1620,"""11111111111111111111"""
Success,1,127,0,302,"""Next Sender:4"""
Success,4,4,0,809,"""44444444444444444444"""
Success,4,128,0,301,"""Next Sender:5"""
Success,5,129,0,303,"""Next Sender:0"""
Success,0,5,0,1619,"""00000000000000000000"""
Success,0,130,0,301,"""Next Sender:1"""
Success,1,5,0,807,"""11111111111111111111"""
Success,1,131,0,303,"""Next Sender:4"""
Success,4,132,0,301,"""Next Sender:5"""
Success,5,5,0,618,"""55555555555555555555"""
Success,5,133,0,302,"""Next Sender:0"""
Success,0,134,0,302,"""Next Sender:1"""
Success,4,5,0,1016,"""44444444444444444444"""
Success,4,135,0,302,"""Next Sender:5"""
Success,5,136,0,210,"""Next Sender:0"""
Success,0,137,0,302,"""Next Sender:1"""
Success,1,6,0,1719,"""11111111111111111111"""
Success,1,138,0,303,"""Next Sender:4"""
Success,4,139,0,302,"""Next Sender:5"""
Success,5,6,0,1721,"""55555555555555555555"""
Success,5,140,0,302,"""Next Sender:0"""
Success,0,141,0,302,"""Next Sender:1"""
Success,4,6,0,718,"""44444444444444444444"""
Success,4,142,0,302,"""Next Sender:5"""
Success,5,143,0,301,"""Next Sender:0"""
Success,1,7,0,1417,"""11111111111111111111"""
Success,1,144,0,302,"""Next Sender:4"""
Success,4,145,0,211,"""Next Sender:5"""
Success,5,146,0,302,"""Next Sender:0"""
Success,0,6,0,2249,"""00000000000000000000"""
Success,0,147,0,301,"""Next Sender:1"""
Success,1,148,0,302,"""Next Sender:4"""
Success,4,7,0,1719,"""44444444444444444444"""
Success,4,149,0,302,"""Next Sender:5"""
Success,5,7,0,1227,"""55555555555555555555"""
Success,5,150,0,301,"""Next Sender:0"""
Success,1,8,0,1018,"""11111111111111111111"""
Success,1,151,0,302,"""Next Sender:4"""
Success,0,7,0,1415,"""00000000000000000000"""
Success,0,152,0,302,"""Next Sender:1"""
Success,1,153,0,302,"""Next Sender:4"""
Success,4,8,0,1415,"""44444444444444444444"""
Success,4,154,0,302,"""Next Sender:5"""
Success,5,8,0,1416,"""55555555555555555555"""
Success,5,155,0,301,"""Next Sender:0"""
Success,1,9,0,1414,"""11111111111111111111"""
Success,1,156,0,302,"""Next Sender:4"""
Success,4,157,0,301,"""Next Sender:5"""
Success,5,158,0,301,"""Next Sender:0"""
Success,0,8,0,2016,"""00000000000000000000"""
Success,0,159,0,302,"""Next Sender:1"""
Success,4,9,0,714,"""44444444444444444444"""
