Success,3,0,0,434,"""33333333333333333333"""
Success,3,100,0,438,"""Next Sender:4"""
Success,5,0,0,1227,"""55555555555555555555"""
Success,5,101,0,315,"""Next Sender:6"""
Success,7,0,0,1967,"""77777777777777777777"""
Success,7,102,0,484,"""Next Sender:8"""
Success,4,0,0,2873,"""44444444444444444444"""
Success,4,103,0,410,"""Next Sender:5"""
Success,5,104,0,317,"""Next Sender:6"""
Success,6,0,0,3938,"""66666666666666666666"""
Success,6,105,0,334,"""Next Sender:7"""
Success,8,0,0,4707,"""88888888888888888888"""
Success,8,106,0,409,"""Next Sender:3"""
Success,3,107,0,413,"""Next Sender:4"""
Success,7,1,0,2541,"""77777777777777777777"""
Success,7,108,0,449,"""Next Sender:8"""
Success,5,1,0,2248,"""55555555555555555555"""
Success,5,109,0,318,"""Next Sender:6"""
Success,6,1,0,2122,"""66666666666666666666"""
Success,6,110,0,339,"""Next Sender:7"""
Success,4,1,0,2889,"""44444444444444444444"""
Success,4,111,0,429,"""Next Sender:5"""
Success,3,1,0,3191,"""33333333333333333333"""
Success,3,112,0,428,"""Next Sender:4"""
Success,4,113,0,403,"""Next Sender:5"""
Success,8,1,0,4198,"""88888888888888888888"""
Success,8,114,0,411,"""Next Sender:3"""
Success,3,115,0,407,"""Next Sender:4"""
Success,4,116,0,402,"""Next Sender:5"""
Success,7,2,0,4527,"""77777777777777777777"""
Success,7,117,0,434,"""Next Sender:8"""
Success,8,118,0,402,"""Next Sender:3"""
Success,3,119,0,402,"""Next Sender:4"""
Success,4,120,0,403,"""Next Sender:5"""
Success,5,2,0,5860,"""55555555555555555555"""
Success,5,121,0,335,"""Next Sender:6"""
Success,6,2,0,2870,"""66666666666666666666"""
Success,6,122,0,332,"""Next Sender:7"""
Success,8,2,0,1643,"""88888888888888888888"""
Success,8,123,0,442,"""Next Sender:3"""
Success,7,3,0,1826,"""77777777777777777777"""
Success,7,124,0,449,"""Next Sender:8"""
Success,8,125,0,465,"""Next Sender:3"""
Success,3,2,0,3162,"""33333333333333333333"""
Success,3,126,0,481,"""Next Sender:4"""
Success,4,2,0,3975,"""44444444444444444444"""
Success,4,127,0,479,"""Next Sender:5"""
Success,5,3,0,4133,"""55555555555555555555"""
Success,5,128,0,329,"""Next Sender:6"""
Success,6,3,0,3177,"""66666666666666666666"""
Success,6,129,0,335,"""Next Sender:7"""
Success,7,130,0,474,"""Next Sender:8"""
Success,8,3,0,1550,"""88888888888888888888"""
Success,8,131,0,458,"""Next Sender:3"""
Success,3,132,0,497,"""Next Sender:4"""
Success,4,3,0,2765,"""44444444444444444444"""
Success,4,133,0,478,"""Next Sender:5"""
Success,5,4,0,2901,"""55555555555555555555"""
Success,5,134,0,422,"""Next Sender:6"""
Success,7,4,0,2825,"""77777777777777777777"""
Success,7,135,0,465,"""Next Sender:8"""
Success,8,4,0,2615,"""88888888888888888888"""
Success,8,136,0,461,"""Next Sender:3"""
Success,3,3,0,3254,"""33333333333333333333"""
Success,3,137,0,462,"""Next Sender:4"""
Success,6,4,0,3743,"""66666666666666666666"""
Success,6,138,0,338,"""Next Sender:7"""
Success,7,139,0,478,"""Next Sender:8"""
Success,8,140,0,458,"""Next Sender:3"""
Success,4,4,0,4621,"""44444444444444444444"""
Success,4,141,0,442,"""Next Sender:5"""
