Success,0,0,0,201,"""00000000000000000000"""
Success,0,100,0,201,"""Next Sender:2"""
Success,2,0,0,603,"""22222222222222222222"""
Success,2,101,0,200,"""Next Sender:0"""
Success,0,102,0,201,"""Next Sender:2"""
Success,2,103,0,200,"""Next Sender:0"""
Success,0,104,0,201,"""Next Sender:2"""
Success,2,105,0,202,"""Next Sender:0"""
Success,0,106,0,201,"""Next Sender:2"""
Success,2,1,0,204,"""22222222222222222222"""
Success,2,107,0,201,"""Next Sender:0"""
Success,0,108,0,201,"""Next Sender:2"""
Success,2,109,0,200,"""Next Sender:0"""
Success,0,110,0,202,"""Next Sender:2"""
Success,2,111,0,200,"""Next Sender:0"""
Success,0,112,0,202,"""Next Sender:2"""
Success,2,113,0,201,"""Next Sender:0"""
Success,0,114,0,201,"""Next Sender:2"""
Success,2,115,0,201,"""Next Sender:0"""
Success,0,116,0,202,"""Next Sender:2"""
Success,2,117,0,201,"""Next Sender:0"""
Success,0,118,0,201,"""Next Sender:2"""
Success,2,119,0,202,"""Next Sender:0"""
Success,0,120,0,200,"""Next Sender:2"""
Success,2,121,0,201,"""Next Sender:0"""
Success,0,122,0,201,"""Next Sender:2"""
Success,2,2,0,217,"""22222222222222222222"""
Success,2,123,0,201,"""Next Sender:0"""
Success,0,1,0,425,"""00000000000000000000"""
Success,0,124,0,201,"""Next Sender:2"""
Success,2,125,0,201,"""Next Sender:0"""
Success,0,126,0,201,"""Next Sender:2"""
Success,2,127,0,200,"""Next Sender:0"""
Success,0,128,0,202,"""Next Sender:2"""
Success,2,129,0,201,"""Next Sender:0"""
Success,0,2,0,206,"""00000000000000000000"""
Success,0,130,0,201,"""Next Sender:2"""
Success,2,131,0,201,"""Next Sender:0"""
Success,0,132,0,201,"""Next Sender:2"""
Success,2,133,0,201,"""Next Sender:0"""
Success,0,134,0,201,"""Next Sender:2"""
Success,2,135,0,200,"""Next Sender:0"""
Success,0,3,0,206,"""00000000000000000000"""
Success,0,136,0,201,"""Next Sender:2"""
Success,2,137,0,202,"""Next Sender:0"""
Success,0,138,0,201,"""Next Sender:2"""
Success,2,139,0,201,"""Next Sender:0"""
Success,0,140,0,202,"""Next Sender:2"""
Success,2,141,0,201,"""Next Sender:0"""
Success,0,4,0,207,"""00000000000000000000"""
Success,0,142,0,202,"""Next Sender:2"""
Success,2,143,0,200,"""Next Sender:0"""
Success,0,144,0,201,"""Next Sender:2"""
Success,2,145,0,201,"""Next Sender:0"""
Success,0,146,0,201,"""Next Sender:2"""
Success,2,147,0,202,"""Next Sender:0"""
Success,0,5,0,206,"""00000000000000000000"""
Success,0,148,0,201,"""Next Sender:2"""
Success,2,149,0,202,"""Next Sender:0"""
Success,0,150,0,201,"""Next Sender:2"""
Success,2,151,0,202,"""Next Sender:0"""
Success,0,152,0,201,"""Next Sender:2"""
Success,2,153,0,200,"""Next Sender:0"""
Success,0,6,0,207,"""00000000000000000000"""
Success,0,154,0,202,"""Next Sender:2"""
Success,2,155,0,201,"""Next Sender:0"""
Success,0,156,0,200,"""Next Sender:2"""
Success,2,157,0,201,"""Next Sender:0"""
Success,0,158,0,201,"""Next Sender:2"""
Success,2,159,0,202,"""Next Sender:0"""
Success,0,160,0,201,"""Next Sender:2"""
Success,2,161,0,201,"""Next Sender:0"""
Success,0,162,0,201,"""Next Sender:2"""
Success,2,163,0,201,"""Next Sender:0"""
Success,0,164,0,201,"""Next Sender:2"""
Success,2,165,0,201,"""Next Sender:0"""
Success,0,166,0,201,"""Next Sender:2"""
Success,2,167,0,201,"""Next Sender:0"""
Success,0,168,0,202,"""Next Sender:2"""
Success,2,169,0,201,"""Next Sender:0"""
Success,0,7,0,216,"""00000000000000000000"""
Success,0,170,0,201,"""Next Sender:2"""
Success,2,171,0,56,"""Next Sender:0"""
Success,0,172,0,201,"""Next Sender:2"""
Success,2,3,0,457,"""22222222222222222222"""
Success,2,173,0,202,"""Next Sender:0"""
Success,0,174,0,4,"""Next Sender:2"""
Success,2,175,0,201,"""Next Sender:0"""
Success,0,8,0,406,"""00000000000000000000"""
Success,0,176,0,201,"""Next Sender:2"""
Success,2,177,0,6,"""Next Sender:0"""
Success,0,178,0,201,"""Next Sender:2"""
Success,2,4,0,408,"""22222222222222222222"""
Success,2,179,0,200,"""Next Sender:0"""
Success,0,180,0,3,"""Next Sender:2"""
Success,2,181,0,201,"""Next Sender:0"""
Success,0,9,0,405,"""00000000000000000000"""
Success,0,182,0,201,"""Next Sender:2"""
Success,2,183,0,4,"""Next Sender:0"""
Success,0,184,0,201,"""Next Sender:2"""
Success,2,5,0,406,"""22222222222222222222"""
Success,2,185,0,202,"""Next Sender:0"""
Success,0,186,0,5,"""Next Sender:2"""
Success,2,187,0,201,"""Next Sender:0"""
Success,0,10,0,407,"""00000000000000000000"""
Success,0,188,0,201,"""Next Sender:2"""
Success,2,189,0,5,"""Next Sender:0"""
Success,0,190,0,201,"""Next Sender:2"""
Success,2,6,0,408,"""22222222222222222222"""
Success,2,191,0,201,"""Next Sender:0"""
Success,0,192,0,5,"""Next Sender:2"""
Success,2,193,0,201,"""Next Sender:0"""
Success,0,11,0,407,"""00000000000000000000"""
Success,0,194,0,201,"""Next Sender:2"""
Success,2,195,0,5,"""Next Sender:0"""
Success,0,196,0,202,"""Next Sender:2"""
Success,2,7,0,407,"""22222222222222222222"""
Success,2,197,0,201,"""Next Sender:0"""
Success,0,198,0,5,"""Next Sender:2"""
Success,2,199,0,201,"""Next Sender:0"""
Success,0,12,0,407,"""00000000000000000000"""
Success,0,200,0,201,"""Next Sender:2"""
Success,2,201,0,4,"""Next Sender:0"""
Success,0,202,0,202,"""Next Sender:2"""
Success,2,8,0,407,"""22222222222222222222"""
Success,2,203,0,201,"""Next Sender:0"""
Success,0,204,0,202,"""Next Sender:2"""
Success,2,205,0,201,"""Next Sender:0"""
Success,0,206,0,202,"""Next Sender:2"""
Success,2,207,0,201,"""Next Sender:0"""
Success,0,208,0,201,"""Next Sender:2"""
Success,2,209,0,202,"""Next Sender:0"""
Success,0,210,0,201,"""Next Sender:2"""
Success,2,211,0,201,"""Next Sender:0"""
Success,0,212,0,200,"""Next Sender:2"""
Success,2,213,0,11,"""Next Sender:0"""
Success,0,214,0,200,"""Next Sender:2"""
Success,2,9,0,412,"""22222222222222222222"""
Success,2,215,0,201,"""Next Sender:0"""
Success,0,216,0,201,"""Next Sender:2"""
Success,2,217,0,201,"""Next Sender:0"""
Success,0,218,0,21,"""Next Sender:2"""
Success,2,219,0,201,"""Next Sender:0"""
Success,0,13,0,424,"""00000000000000000000"""
Success,0,220,0,201,"""Next Sender:2"""
Success,2,221,0,201,"""Next Sender:0"""
Success,0,222,0,201,"""Next Sender:2"""
Success,2,223,0,201,"""Next Sender:0"""
